{
  "x": 746.1500244140625,
  "y": 56,
  "width": 94.91667175292967,
  "height": 80
}