{
  "x": 984.7166748046876,
  "y": 56,
  "width": 69.48333740234375,
  "height": 80
}