{
  "x": 523.683349609375,
  "y": 56,
  "width": 86.66667175292969,
  "height": 80
}